<?xml version="1.0" encoding="UTF-8"?>
<beans xmlns="http://www.springframework.org/schema/beans"
       xmlns:xsi="http://www.w3.org/2001/XMLSchema-instance"
       xmlns:context="http://www.springframework.org/schema/context"
       xsi:schemaLocation="http://www.springframework.org/schema/beans http://www.springframework.org/schema/beans/spring-beans.xsd http://www.springframework.org/schema/context http://www.springframework.org/schema/context/spring-context.xsd">

    <context:annotation-config/>
    <context:component-scan base-package="cn.tj212.yin.entity,cn.tj212.yin.utils"/>

    <bean id="seqUtils" class="cn.tj212.yin.utils.SeqUtils">
        <property name="blusom62Path" value="F:\\javaPractise\\getTrainningSet\\src\\main\\resources\\blusom62"/>
    </bean>

    <bean id="somePath" class="cn.tj212.yin.entity.SomePath">
        <property name="blastPath" value="D:\CASP12\9merblast"/>
        <property name="pssmPath" value="D:\CASP12\casp12pssm"/>
        <property name="outPutPath" value="D:\MyProteinData\TestSet\casp12_20180307.txt"/>
        <property name="secStrPath" value="D:\CASP12\casp12Zhoustrc"/>
        <property name="spssmPath" value="D:\MyProteinData\SPSSM\casp12Zhou"/>
    </bean>
    <bean id="somePathShort" class="cn.tj212.yin.entity.SomePath">

    </bean>
</beans>