<?xml version="1.0" encoding="UTF-8"?>
<beans xmlns="http://www.springframework.org/schema/beans"
       xmlns:xsi="http://www.w3.org/2001/XMLSchema-instance"
       xmlns:context="http://www.springframework.org/schema/context"
       xsi:schemaLocation="http://www.springframework.org/schema/beans
    http://www.springframework.org/schema/beans/spring-beans.xsd
    http://www.springframework.org/schema/context
    http://www.springframework.org/schema/context/spring-context.xsd">

    <context:property-placeholder location="classpath:jdbc.properties"/>

    <bean id="datasource" class="com.alibaba.druid.pool.DruidDataSource">
        <property name="driverClassName" value="${jdbc.driver}"/>
        <property name="url" value="${jdbc.url}"/>
        <property name="username" value="${jdbc.username}"/>
        <property name="password" value="${jdbc.password}"/>

        <property name="maxActive" value="10"/>
        <property name="minIdle" value="3"/>
        <property name="initialSize" value="3"/>
        <property name="defaultAutoCommit" value="false"/>

        <property name="testOnBorrow" value="false" />
        <property name="testOnReturn" value="false" />
        <property name="testWhileIdle" value="true" />

        <!-- 启用PsCahe，并指定每个连接上cache的大小 -->
        <property name="poolPreparedStatements" value="true"/>
        <property name="maxPoolPreparedStatementPerConnectionSize" value="5"/>
    </bean>

    <bean id="sessionFactory" class="org.mybatis.spring.SqlSessionFactoryBean">
        <property name="dataSource" ref="datasource"/>
        <property name="configLocation" value="classpath:mybatis/mybatis-config.xml"/>
        <property name="mapperLocations" value="classpath:mapper/*.xml"/>
        <property name="typeAliasesPackage" value="cn.tj212.yin.entity"/>
    </bean>

    <!--配置扫描Dao借口包，动态实现dao借口，注入到spring容器中 -->
    <bean class="org.mybatis.spring.mapper.MapperScannerConfigurer">
        <!-- 注入sqlSessionFactory -->
        <property name="sqlSessionFactoryBeanName" value="sessionFactory"/>
        <!--给出需要扫描的dao包-->
        <property name="basePackage" value="cn.tj212.yin.dao"/>
    </bean>
</beans>