<?xml version="1.0" encoding="UTF-8" ?>
<!DOCTYPE mapper PUBLIC "-//mybatis.org//DTD Mapper 3.0//EN"
        "http://mybatis.org/dtd/mybatis-3-mapper.dtd">
<mapper namespace="cn.tj212.yin.dao.SeqDao">
    <select id="findBySegThreeStr" parameterType="String" resultType="cn.tj212.yin.entity.Seg">
        SELECT
            seg,H,E,C,B
        FROM
            threemer_90percent
        WHERE
            seg=#{seg}
    </select>

    <select id="findBySegFiveStr" parameterType="String" resultType="cn.tj212.yin.entity.Seg">
        SELECT
            seg,H,E,C,B
        FROM
            fivemer_90percent
        WHERE
            seg=#{seg}
    </select>

    <select id="findBySegSevenStr" parameterType="String" resultType="cn.tj212.yin.entity.Seg">
        SELECT
        seg,H,E,C,B
        FROM
            sevenmer_90percent
        WHERE
        seg=#{seg}
    </select>
    
    <select id="findByCenterThree" parameterType="String" resultType="cn.tj212.yin.entity.Seg">
        SELECT seg,H,E,C,B FROM ninemer_90percent WHERE seg LIKE #{seg}
    </select>

    <select id="findByCenterFive" parameterType="String" resultType="cn.tj212.yin.entity.Seg">
        SELECT seg,H,E,C,B FROM ninemer_90percent WHERE seg LIKE #{seg}
    </select>
</mapper>