<?xml version="1.0" encoding="UTF-8" ?>
<!DOCTYPE mapper PUBLIC "-//mybatis.org//DTD Mapper 3.0//EN"
        "http://mybatis.org/dtd/mybatis-3-mapper.dtd">
<mapper namespace="cn.tj212.yin.dao.SMMSequenceDao">
    <resultMap id="sequenceList" type="cn.tj212.yin.entity.SMMSequence">
        <result property="serialNo" column="serialNo"/>
        <result property="sequenceId" column="sequenceId"/>
        <result property="sequence" column="sequence"/>
        <result property="isCalced" column="isCalced"/>
        <result property="isLocked" column="isLocked"/>
        <result property="locker" column="locker"/>
        <result property="jobId" column="jobId"/>
        <result property="predResult" column="predResult"/>
        <result property="failed" column="failed"/>
        <result property="prepared" column="prepared"/>
    </resultMap>

    <select id="findByNotPrepared" parameterType="java.lang.Integer" resultMap="sequenceList">
        select
            serialNo,
            sequenceId,
            sequence,
            isCalced,
            isLocked,
            locker,
            jobId,
            predResult,
            failed,
            prepared
        from
            tblSMMSequence
        where
            prepared = 1 and isCalced = 0
    </select>
    
    <select id="selectBySerialNo" resultType="cn.tj212.yin.entity.SMMSequence" parameterType="java.lang.Long">
        SELECT
            serialNo,
            sequenceId,
            sequence,
            isCalced,
            isLocked,
            locker,
            jobId,
            predResult,
            failed,
            prepared
        from
            tblSMMSequence
        where serialNo=#{serialNo}
    </select>

    <select id="selectByID" resultType="cn.tj212.yin.entity.SMMSequence" parameterType="String">
        SELECT
            serialNo,
            sequenceId,
            sequence,
            isCalced,
            isLocked,
            locker,
            jobId,
            predResult,
            failed,
            prepared
        from
            tblSMMSequence
        where sequenceId=#{id}
    </select>

    <update id="updateBySerailNo" parameterType="cn.tj212.yin.entity.SMMSequence">
        UPDATE tblSMMSequence
        SET testsetOK = 1
        WHERE serialNo = #{serialNo,jdbcType=INTEGER}
    </update>
</mapper>